EV_Number,EV_Type,Arrival,Depart,Demand,AssignedCharger,ChargerType,Delay,Total_load
1,Small,9,21,16,9,19,21.0,16.0
2,Truck,10,19,49,9,19,18.0,48.999999999999986
3,Truck,7,18,22,9,19,17.0,22.0
4,Small,6,21,14,9,19,15.0,14.0
5,Small,6,16,16,9,19,13.0,16.0
6,Sedan,12,19,24,9,19,16.0,24.0
7,SUV,8,23,39,9,19,24.0,39.0
8,Small,6,22,12,9,19,21.0,11.999999999999943
9,Small,8,18,6,9,19,12.0,6.0
10,Sedan,11,21,21,9,19,22.0,21.0
